uid,target_id,tce_plnt_num,tce_period,tce_duration,tce_time0bk,tce_depth,ruwe,tce_prad,tce_max_mult_ev,score
167526485-1-S1-39,167526485,1,5.011491298675537,0.2876620590686798,1414.5552978515625,10795.35546875,1.0478235483169556,40.50038146972656,433.4225769042969,0.6466292
167526485-1-S6,167526485,1,5.011590003967285,0.29003453254699707,1469.6812744140625,10861.0791015625,1.0478235483169556,40.70342254638672,106.25411224365234,0.078831576
167526485-2-S1-39,167526485,2,5.0114898681640625,0.28156664967536926,1412.0506591796875,610.7590942382812,1.0478235483169556,10.282499313354492,21.325441360473633,4.6742672e-11
